{
  "alquis": {
    "wishlist": {
      "to talk": 550.01048546,
      "autotweet minimum": 600.012783
    },
    "leaderboard_score": 2.4600000000000364
  },
  "gnnx": {
    "wishlist": {},
    "leaderboard_score": 2.9100000000000037
  }
}