{
  "alquis": {
    "wishlist": {
      "to talk": 550.01048546,
      "autotweet minimum": 600.012783
    },
    "leaderboard": {
      "position": "4th",
      "score": 80.37
    }
  },
  "gnnx": {
    "wishlist": {},
    "leaderboard": {
      "position": "14th",
      "score": 2.9100000000000037
    }
  },
  "brattyxmeri": {
    "wishlist": {
      "tribute\u272e": 649.9399999999999,
      "\u272e\u272e\u272e": 800.0,
      "tax\u272e": 250.0,
      "\u272e\u272e\u272e\u272e": 0.0,
      "coffee/matcha\u272e": 165.0
    },
    "leaderboard": {
      "position": "19th"
    }
  },
  "fairybrat": {
    "wishlist": {
      "2 exist \ud83e\udd0d": 350.0,
      ";\u0f0a": 0.0,
      "\u208d^. .^\u208e\u27c6": 0.0,
      "\u2027\ud80c\udf62\u05b4\u0ecb\u2615 \u05c2 \ud80c\ude12 \u22c6 \u06ea ": 124.99925204,
      "\ud801\ude5a \u2027\u208a\u02da \u22c5": 0.0
    },
    "leaderboard": {
      "position": "19th"
    }
  },
  "digitalvicc": {
    "wishlist": {},
    "leaderboard": {
      "position": "6th",
      "score": 2.8099999999999454
    }
  }
}